{
    "nb_sent": {
        "af": 36524,
        "ar": 238201,
        "cs": 802435,
        "en": 229672,
        "es": 410810,
        "hy": 46055,
        "lt": 52287,
        "ta": 7129
    },
    "p": {
        "af": 0.020033865152626305,
        "ar": 0.13065619081208898,
        "cs": 0.44014550935679797,
        "en": 0.1259779289599712,
        "es": 0.2253343594171069,
        "hy": 0.025261736381672447,
        "lt": 0.02868006536073189,
        "ta": 0.0039103445590042965
    },
    "q-0.5": {
        "af": 0.05929932150637136,
        "ar": 0.1514371219826729,
        "cs": 0.27794923865913596,
        "en": 0.1487012377021215,
        "es": 0.19887539744043303,
        "hy": 0.06658845685755402,
        "lt": 0.07095082006932744,
        "ta": 0.026198405782383756
    },
    "q-0.7": {
        "af": 0.03959541523473702,
        "ar": 0.14712977612202907,
        "cs": 0.34429203215429127,
        "en": 0.1434219769107044,
        "es": 0.21547097288500877,
        "hy": 0.046572957598285454,
        "lt": 0.050899753029635904,
        "ta": 0.012617116065308118
    }
}